,city name,negative probability,neutral probability,positive probability
21,New York City,0.286337711936,0.260360155106,0.453302132957
28,Chelsea,0.347457685101,0.329788859586,0.322753455313
29,El Segundo,0.347457685101,0.329788859586,0.322753455313
32,El Segundo,0.347457685101,0.329788859586,0.322753455313
34,Frisco,0.312782762501,0.297590717171,0.389626520328
42,Culver City,0.347457685101,0.329788859586,0.322753455313
62,Aliso Viejo,0.314070787735,0.396146495195,0.289782717071
69,Springfield Gardens,0.347457685101,0.329788859586,0.322753455313
74,Paradise,0.337617028263,0.297613882748,0.364769088989
108,San Francisco,0.347457685101,0.329788859586,0.322753455313
115,Dania Beach,0.347457685101,0.329788859586,0.322753455313
124,El Segundo,0.347457685101,0.329788859586,0.322753455313
126,Calgary,0.347457685101,0.329788859586,0.322753455313
128,Springfield Gardens,0.347457685101,0.329788859586,0.322753455313
147,El Segundo,0.347457685101,0.329788859586,0.322753455313
189,"Washington, D.C.",0.347457685101,0.329788859586,0.322753455313
205,Dallas,0.347457685101,0.329788859586,0.322753455313
211,Dallas,0.347457685101,0.329788859586,0.322753455313
249,Dania Beach,0.347457685101,0.329788859586,0.322753455313
264,Dallas,0.347457685101,0.329788859586,0.322753455313
285,Gladstone,0.347457685101,0.329788859586,0.322753455313
303,San Francisco,0.347457685101,0.329788859586,0.322753455313
337,El Segundo,0.347457685101,0.329788859586,0.322753455313
409,Port Richmond,0.347457685101,0.329788859586,0.322753455313
473,Ronkonkoma,0.311998319077,0.395820857298,0.292180823624
475,Westford,0.347457685101,0.329788859586,0.322753455313
499,San Francisco,0.347457685101,0.329788859586,0.322753455313
503,Summerlin South,0.347457685101,0.329788859586,0.322753455313
511,Venustiano Carranza,0.347457685101,0.329788859586,0.322753455313
527,Brighton,0.342540538624,0.367676744305,0.289782717071
585,Wolverhampton,0.347457685101,0.329788859586,0.322753455313
631,Aldine,0.413463744627,0.294328157394,0.292208097979
632,Aldine,0.413463744627,0.294328157394,0.292208097979
633,Aldine,0.413463744627,0.294328157394,0.292208097979
634,Aldine,0.413463744627,0.294328157394,0.292208097979
636,Aldine,0.413463744627,0.294328157394,0.292208097979
637,Aldine,0.413463744627,0.294328157394,0.292208097979
638,Aldine,0.413463744627,0.294328157394,0.292208097979
672,Kenner,0.413122424986,0.300062254368,0.286815320646
673,Kenner,0.413122424986,0.300062254368,0.286815320646
674,Kenner,0.413122424986,0.300062254368,0.286815320646
676,Kenner,0.413122424986,0.300062254368,0.286815320646
677,Kenner,0.413122424986,0.300062254368,0.286815320646
684,Kenner,0.413122424986,0.300062254368,0.286815320646
685,Kenner,0.413122424986,0.300062254368,0.286815320646
687,Cary,0.347457685101,0.329788859586,0.322753455313
689,Birmingham,0.347457685101,0.329788859586,0.322753455313
712,Orchards,0.347457685101,0.329788859586,0.322753455313
721,Råsunda,0.347457685101,0.329788859586,0.322753455313
756,North Charleston,0.347457685101,0.329788859586,0.322753455313
766,Bensenville,0.3032523094,0.27469289394,0.42205479666
768,Hale,0.347457685101,0.329788859586,0.322753455313
769,Bensenville,0.3032523094,0.27469289394,0.42205479666
787,San Francisco,0.347457685101,0.329788859586,0.322753455313
796,Bensenville,0.3032523094,0.27469289394,0.42205479666
804,Chicago,0.321969088948,0.297027361592,0.381003549461
809,Cary,0.347457685101,0.329788859586,0.322753455313
820,El Segundo,0.347457685101,0.329788859586,0.322753455313
829,Niles,0.347457685101,0.329788859586,0.322753455313
840,Brighton,0.342540538624,0.367676744305,0.289782717071
846,Oak Hill,0.336464610129,0.296146495195,0.367388894677
850,Bensenville,0.3032523094,0.27469289394,0.42205479666
854,Oak Hill,0.336464610129,0.296146495195,0.367388894677
914,Elizabeth,0.347457685101,0.329788859586,0.322753455313
921,Bergeijk,0.276977484555,0.464174886042,0.258847629402
936,Dania Beach,0.347457685101,0.329788859586,0.322753455313
943,Newark,0.326800236536,0.386384442818,0.286815320646
946,Dania Beach,0.347457685101,0.329788859586,0.322753455313
952,Newark,0.326800236536,0.386384442818,0.286815320646
969,Winter Park,0.347457685101,0.329788859586,0.322753455313
976,Newark,0.326800236536,0.386384442818,0.286815320646
977,Brighton,0.342540538624,0.367676744305,0.289782717071
979,Brighton,0.342540538624,0.367676744305,0.289782717071
1002,Paderborn,0.347457685101,0.329788859586,0.322753455313
1018,Bellaire,0.347457685101,0.329788859586,0.322753455313
1027,Elizabeth,0.347457685101,0.329788859586,0.322753455313
1039,Polanco,0.314070787735,0.296146495195,0.389782717071
1052,Bellaire,0.347457685101,0.329788859586,0.322753455313
1063,Bensenville,0.3032523094,0.27469289394,0.42205479666
1069,Franklin Park,0.347457685101,0.329788859586,0.322753455313
1071,Bergeijk,0.276977484555,0.464174886042,0.258847629402
1072,Franklin Park,0.347457685101,0.329788859586,0.322753455313
1075,Bensenville,0.3032523094,0.27469289394,0.42205479666
1085,Aldine,0.413463744627,0.294328157394,0.292208097979
1106,Portland,0.347457685101,0.329788859586,0.322753455313
1117,Franklin Park,0.347457685101,0.329788859586,0.322753455313
1162,Aldine,0.413463744627,0.294328157394,0.292208097979
1238,Bensenville,0.3032523094,0.27469289394,0.42205479666
1265,Bozeman,0.347457685101,0.329788859586,0.322753455313
1279,Bensenville,0.3032523094,0.27469289394,0.42205479666
1293,East Point,0.326152670323,0.29634986288,0.377497466797
1299,Newark,0.326800236536,0.386384442818,0.286815320646
1337,Montrose,0.347457685101,0.329788859586,0.322753455313
1343,Xiuying,0.312106243047,0.295054801461,0.392838955492
1413,Aurora,0.347457685101,0.329788859586,0.322753455313
1418,Paradise,0.337617028263,0.297613882748,0.364769088989
1442,Egypt Lake-Leto,0.347457685101,0.329788859586,0.322753455313
1451,Bozeman,0.347457685101,0.329788859586,0.322753455313
1455,Bozeman,0.347457685101,0.329788859586,0.322753455313
1456,Bozeman,0.347457685101,0.329788859586,0.322753455313
1457,Bozeman,0.347457685101,0.329788859586,0.322753455313
1461,Aldine,0.413463744627,0.294328157394,0.292208097979
1468,Hampton Park,0.312782762501,0.397590717171,0.289626520328
1469,Hampton Park,0.312782762501,0.397590717171,0.289626520328
1511,El Segundo,0.347457685101,0.329788859586,0.322753455313
1512,Aldine,0.413463744627,0.294328157394,0.292208097979
1590,Paradise,0.337617028263,0.297613882748,0.364769088989
1613,Chicago,0.321969088948,0.297027361592,0.381003549461
1626,Bensenville,0.3032523094,0.27469289394,0.42205479666
1639,Skokie,0.347457685101,0.329788859586,0.322753455313
1648,Bergeijk,0.276977484555,0.464174886042,0.258847629402
1660,Boise,0.347457685101,0.329788859586,0.322753455313
1662,Oak Hill,0.336464610129,0.296146495195,0.367388894677
1670,Boise,0.347457685101,0.329788859586,0.322753455313
1696,Brighton,0.342540538624,0.367676744305,0.289782717071
1707,Newark,0.326800236536,0.386384442818,0.286815320646
1712,SeaTac,0.347457685101,0.329788859586,0.322753455313
1715,SeaTac,0.347457685101,0.329788859586,0.322753455313
1728,Brighton,0.342540538624,0.367676744305,0.289782717071
1749,Camberwell,0.347457685101,0.329788859586,0.322753455313
1758,Brighton,0.342540538624,0.367676744305,0.289782717071
1759,Brighton,0.342540538624,0.367676744305,0.289782717071
1768,Brighton,0.342540538624,0.367676744305,0.289782717071
1814,Oakland,0.347457685101,0.329788859586,0.322753455313
1825,Aldine,0.413463744627,0.294328157394,0.292208097979
1826,Aldine,0.413463744627,0.294328157394,0.292208097979
1833,Bensenville,0.3032523094,0.27469289394,0.42205479666
1840,Bensenville,0.3032523094,0.27469289394,0.42205479666
1855,Brownsville,0.347457685101,0.329788859586,0.322753455313
1878,Gahanna,0.347457685101,0.329788859586,0.322753455313
1886,Gahanna,0.347457685101,0.329788859586,0.322753455313
1890,Oak Hill,0.336464610129,0.296146495195,0.367388894677
1934,Aldine,0.413463744627,0.294328157394,0.292208097979
1936,Aldine,0.413463744627,0.294328157394,0.292208097979
1945,Newark,0.326800236536,0.386384442818,0.286815320646
1971,Gahanna,0.347457685101,0.329788859586,0.322753455313
2011,Tung Chung,0.347457685101,0.329788859586,0.322753455313
2062,Millbrae,0.347457685101,0.329788859586,0.322753455313
2063,El Segundo,0.347457685101,0.329788859586,0.322753455313
2121,Rock Hill,0.347457685101,0.329788859586,0.322753455313
2123,Millbrae,0.347457685101,0.329788859586,0.322753455313
2131,Honolulu,0.347457685101,0.329788859586,0.322753455313
2148,Oak Hill,0.336464610129,0.296146495195,0.367388894677
2154,Oak Hill,0.336464610129,0.296146495195,0.367388894677
2167,Millbrae,0.347457685101,0.329788859586,0.322753455313
2171,Millbrae,0.347457685101,0.329788859586,0.322753455313
2215,Oak Hill,0.336464610129,0.296146495195,0.367388894677
2237,Matthews,0.347457685101,0.329788859586,0.322753455313
2250,Rexburg,0.347457685101,0.329788859586,0.322753455313
2252,Brighton,0.342540538624,0.367676744305,0.289782717071
2259,Dania Beach,0.347457685101,0.329788859586,0.322753455313
2275,Rock Hill,0.347457685101,0.329788859586,0.322753455313
2277,Rock Hill,0.347457685101,0.329788859586,0.322753455313
2285,Polanco,0.314070787735,0.296146495195,0.389782717071
2310,Benito Juarez,0.347457685101,0.329788859586,0.322753455313
2366,Millbrae,0.347457685101,0.329788859586,0.322753455313
2367,Millbrae,0.347457685101,0.329788859586,0.322753455313
2379,Jersey City,0.347457685101,0.329788859586,0.322753455313
2380,Punta Cana,0.328387388502,0.380821827995,0.290790783503
2395,Oak Hill,0.336464610129,0.296146495195,0.367388894677
2409,Shanghai,0.347457685101,0.329788859586,0.322753455313
2416,Palm Springs,0.347457685101,0.329788859586,0.322753455313
2417,Palm Springs,0.347457685101,0.329788859586,0.322753455313
2428,Long Island City,0.347457685101,0.329788859586,0.322753455313
2451,North Atlanta,0.347457685101,0.329788859586,0.322753455313
2464,North Atlanta,0.347457685101,0.329788859586,0.322753455313
2472,Nassau,0.347457685101,0.329788859586,0.322753455313
2480,Chelsea,0.347457685101,0.329788859586,0.322753455313
2503,Denver,0.347457685101,0.329788859586,0.322753455313
2521,Punta Cana,0.328387388502,0.380821827995,0.290790783503
2523,Punta Cana,0.328387388502,0.380821827995,0.290790783503
2528,Punta Cana,0.328387388502,0.380821827995,0.290790783503
2534,Punta Cana,0.328387388502,0.380821827995,0.290790783503
2535,Rutland,0.347457685101,0.329788859586,0.322753455313
2540,Houston,0.312106243047,0.295054801461,0.392838955492
2549,Franklin Park,0.347457685101,0.329788859586,0.322753455313
2551,Bensenville,0.3032523094,0.27469289394,0.42205479666
2552,Bensenville,0.3032523094,0.27469289394,0.42205479666
2566,Rubidoux,0.347457685101,0.329788859586,0.322753455313
2576,El Segundo,0.347457685101,0.329788859586,0.322753455313
2578,Chicago,0.321969088948,0.297027361592,0.381003549461
2584,Chicago,0.321969088948,0.297027361592,0.381003549461
2587,Chicago,0.321969088948,0.297027361592,0.381003549461
2592,Commerce City,0.347457685101,0.329788859586,0.322753455313
2594,Aurora,0.347457685101,0.329788859586,0.322753455313
2599,Aurora,0.347457685101,0.329788859586,0.322753455313
2600,Aurora,0.347457685101,0.329788859586,0.322753455313
2601,Chicago,0.321969088948,0.297027361592,0.381003549461
2605,Aurora,0.347457685101,0.329788859586,0.322753455313
2619,New York City,0.286337711936,0.260360155106,0.453302132957
2641,Aldine,0.413463744627,0.294328157394,0.292208097979
2662,New York City,0.286337711936,0.260360155106,0.453302132957
2703,Ashland,0.347457685101,0.329788859586,0.322753455313
2716,San Bruno,0.347457685101,0.329788859586,0.322753455313
2718,Aldine,0.413463744627,0.294328157394,0.292208097979
2735,Springfield Gardens,0.347457685101,0.329788859586,0.322753455313
2757,Winnipeg,0.347457685101,0.329788859586,0.322753455313
2765,Aldine,0.413463744627,0.294328157394,0.292208097979
2778,Franklin Park,0.347457685101,0.329788859586,0.322753455313
2785,San Francisco,0.347457685101,0.329788859586,0.322753455313
2819,East Point,0.326152670323,0.29634986288,0.377497466797
2831,East Point,0.326152670323,0.29634986288,0.377497466797
2855,Waltham,0.347457685101,0.329788859586,0.322753455313
2896,Etobicoke,0.347457685101,0.329788859586,0.322753455313
2900,Orchards,0.347457685101,0.329788859586,0.322753455313
2917,Kissimmee,0.347457685101,0.329788859586,0.322753455313
2919,Dubai,0.347457685101,0.329788859586,0.322753455313
2925,Orchards,0.347457685101,0.329788859586,0.322753455313
2929,Millbrae,0.347457685101,0.329788859586,0.322753455313
2936,Dubai,0.347457685101,0.329788859586,0.322753455313
2942,Dubai,0.347457685101,0.329788859586,0.322753455313
2956,Conroe,0.347457685101,0.329788859586,0.322753455313
2963,Dubai,0.347457685101,0.329788859586,0.322753455313
2995,Aldine,0.413463744627,0.294328157394,0.292208097979
3031,Millbrae,0.347457685101,0.329788859586,0.322753455313
3046,Rahway,0.347457685101,0.329788859586,0.322753455313
3092,San Francisco,0.347457685101,0.329788859586,0.322753455313
3100,Millbrae,0.347457685101,0.329788859586,0.322753455313
3109,Salt Lake City,0.347457685101,0.329788859586,0.322753455313
3119,Union,0.347457685101,0.329788859586,0.322753455313
3125,West Valley City,0.313122424986,0.400062254368,0.286815320646
3133,Palm Springs,0.347457685101,0.329788859586,0.322753455313
3141,San Francisco,0.347457685101,0.329788859586,0.322753455313
3147,Newark,0.326800236536,0.386384442818,0.286815320646
3156,Elizabeth,0.347457685101,0.329788859586,0.322753455313
3165,Newark,0.326800236536,0.386384442818,0.286815320646
3169,Millbrae,0.347457685101,0.329788859586,0.322753455313
3170,Newark,0.326800236536,0.386384442818,0.286815320646
3172,Millbrae,0.347457685101,0.329788859586,0.322753455313
3181,Millbrae,0.347457685101,0.329788859586,0.322753455313
3185,Elizabeth,0.347457685101,0.329788859586,0.322753455313
3196,Beverly Hills,0.347457685101,0.329788859586,0.322753455313
3211,Louisville,0.347457685101,0.329788859586,0.322753455313
3213,Oak Hill,0.336464610129,0.296146495195,0.367388894677
3218,Jackson Heights,0.347457685101,0.329788859586,0.322753455313
3231,San Bruno,0.347457685101,0.329788859586,0.322753455313
3249,Gahanna,0.347457685101,0.329788859586,0.322753455313
3258,Lexington,0.347457685101,0.329788859586,0.322753455313
3260,Lexington,0.347457685101,0.329788859586,0.322753455313
3266,Gahanna,0.347457685101,0.329788859586,0.322753455313
3303,San Luis Obispo,0.347457685101,0.329788859586,0.322753455313
3304,San Luis Obispo,0.347457685101,0.329788859586,0.322753455313
3340,New York City,0.286337711936,0.260360155106,0.453302132957
3354,Millbrae,0.347457685101,0.329788859586,0.322753455313
3370,Millbrae,0.347457685101,0.329788859586,0.322753455313
3385,Farragut,0.347457685101,0.329788859586,0.322753455313
3415,Rancho Cucamonga,0.347457685101,0.329788859586,0.322753455313
3508,Phra Pradaeng,0.347457685101,0.329788859586,0.322753455313
3519,Rancho Cucamonga,0.347457685101,0.329788859586,0.322753455313
3520,Rancho Cucamonga,0.347457685101,0.329788859586,0.322753455313
3542,Singapore,0.347457685101,0.329788859586,0.322753455313
3562,Security-Widefield,0.347457685101,0.329788859586,0.322753455313
3601,Sydney,0.347457685101,0.329788859586,0.322753455313
3603,Bensenville,0.3032523094,0.27469289394,0.42205479666
3619,Charlotte,0.347457685101,0.329788859586,0.322753455313
3635,Harrison,0.312181854905,0.397027361592,0.290790783503
3637,Aldine,0.413463744627,0.294328157394,0.292208097979
3652,Boulder,0.347457685101,0.329788859586,0.322753455313
3673,Bensenville,0.3032523094,0.27469289394,0.42205479666
3727,Phoenix,0.347457685101,0.329788859586,0.322753455313
3733,Oak Hill,0.336464610129,0.296146495195,0.367388894677
3736,Bensenville,0.3032523094,0.27469289394,0.42205479666
3802,Brighton,0.342540538624,0.367676744305,0.289782717071
3806,Aldine,0.413463744627,0.294328157394,0.292208097979
3816,Millbrae,0.347457685101,0.329788859586,0.322753455313
3832,Kenner,0.413122424986,0.300062254368,0.286815320646
3875,Palm Desert,0.347457685101,0.329788859586,0.322753455313
3904,Brentwood,0.347457685101,0.329788859586,0.322753455313
3929,Palm Desert,0.347457685101,0.329788859586,0.322753455313
3938,Palm Desert,0.347457685101,0.329788859586,0.322753455313
3939,West Orange,0.347457685101,0.329788859586,0.322753455313
3944,Palm Desert,0.347457685101,0.329788859586,0.322753455313
3945,Millbrae,0.347457685101,0.329788859586,0.322753455313
3949,Palm Desert,0.347457685101,0.329788859586,0.322753455313
3953,Town 'n' Country,0.347457685101,0.329788859586,0.322753455313
3956,Palm Desert,0.347457685101,0.329788859586,0.322753455313
3957,Palm Desert,0.347457685101,0.329788859586,0.322753455313
3959,South Jordan,0.347457685101,0.329788859586,0.322753455313
3965,Paradise,0.337617028263,0.297613882748,0.364769088989
3966,Paradise,0.337617028263,0.297613882748,0.364769088989
3975,Rubidoux,0.347457685101,0.329788859586,0.322753455313
3976,Glen Avon,0.347457685101,0.329788859586,0.322753455313
3985,Bensenville,0.3032523094,0.27469289394,0.42205479666
3997,Washington Heights,0.347457685101,0.329788859586,0.322753455313
4025,Leawood,0.347457685101,0.329788859586,0.322753455313
4029,Skokie,0.347457685101,0.329788859586,0.322753455313
4031,Newark,0.326800236536,0.386384442818,0.286815320646
4032,Newark,0.326800236536,0.386384442818,0.286815320646
4082,Millbrae,0.347457685101,0.329788859586,0.322753455313
4084,Millbrae,0.347457685101,0.329788859586,0.322753455313
4119,Vancouver,0.347457685101,0.329788859586,0.322753455313
4139,Brighton,0.342540538624,0.367676744305,0.289782717071
4171,Brighton,0.342540538624,0.367676744305,0.289782717071
4206,Bonita Springs,0.347457685101,0.329788859586,0.322753455313
4208,Brighton,0.342540538624,0.367676744305,0.289782717071
4220,Newark,0.326800236536,0.386384442818,0.286815320646
4225,Newark,0.326800236536,0.386384442818,0.286815320646
4287,American Fork,0.347457685101,0.329788859586,0.322753455313
4300,Millbrae,0.347457685101,0.329788859586,0.322753455313
4313,Cypress,0.347457685101,0.329788859586,0.322753455313
4319,"Washington, D.C.",0.347457685101,0.329788859586,0.322753455313
4332,Ossining,0.347457685101,0.329788859586,0.322753455313
4333,Ossining,0.347457685101,0.329788859586,0.322753455313
4341,Ossining,0.347457685101,0.329788859586,0.322753455313
4363,Cicero,0.322421118182,0.295054801461,0.382524080357
4365,Forest Hills,0.347457685101,0.329788859586,0.322753455313
4420,Napa,0.347457685101,0.329788859586,0.322753455313
4445,West Raleigh,0.347457685101,0.329788859586,0.322753455313
4477,Chelsea,0.347457685101,0.329788859586,0.322753455313
4482,Drexel Hill,0.414070787735,0.296146495195,0.289782717071
4555,Liberty,0.347457685101,0.329788859586,0.322753455313
4560,Millbrae,0.347457685101,0.329788859586,0.322753455313
4564,Millbrae,0.347457685101,0.329788859586,0.322753455313
4593,Mentor,0.347457685101,0.329788859586,0.322753455313
4629,Sparks,0.347457685101,0.329788859586,0.322753455313
4630,San Diego,0.347457685101,0.329788859586,0.322753455313
4683,Marlborough,0.347457685101,0.329788859586,0.322753455313
4684,San Diego,0.347457685101,0.329788859586,0.322753455313
4695,Tempe Junction,0.321407669861,0.294328157394,0.384264172745
4716,East Point,0.326152670323,0.29634986288,0.377497466797
4729,Euless,0.347457685101,0.329788859586,0.322753455313
4787,Santa Monica,0.347457685101,0.329788859586,0.322753455313
4806,Salt Lake City,0.347457685101,0.329788859586,0.322753455313
4826,Cicero,0.322421118182,0.295054801461,0.382524080357
4891,Lubbock,0.278128665172,0.265930369328,0.4559409655
4901,Houston,0.312106243047,0.295054801461,0.392838955492
4910,North Canton,0.347457685101,0.329788859586,0.322753455313
4916,San Diego,0.347457685101,0.329788859586,0.322753455313
4920,North Canton,0.347457685101,0.329788859586,0.322753455313
4924,Troy,0.347457685101,0.329788859586,0.322753455313
4934,Troy,0.347457685101,0.329788859586,0.322753455313
4935,Drexel Hill,0.414070787735,0.296146495195,0.289782717071
4970,Austin,0.347457685101,0.329788859586,0.322753455313
4974,Tempe Junction,0.321407669861,0.294328157394,0.384264172745
4976,Addison,0.347457685101,0.329788859586,0.322753455313
4977,Warwick,0.347457685101,0.329788859586,0.322753455313
4980,North Little Rock,0.347457685101,0.329788859586,0.322753455313
4992,Burbank,0.312782762501,0.397590717171,0.289626520328
4993,"Washington, D.C.",0.347457685101,0.329788859586,0.322753455313
5022,Cranberry Township,0.347457685101,0.329788859586,0.322753455313
5035,Nashville,0.347457685101,0.329788859586,0.322753455313
5058,Fairhaven,0.347457685101,0.329788859586,0.322753455313
5061,Drexel Hill,0.414070787735,0.296146495195,0.289782717071
5093,Denver,0.347457685101,0.329788859586,0.322753455313
5112,Ferndale,0.347457685101,0.329788859586,0.322753455313
5113,Oak Ridge,0.347457685101,0.329788859586,0.322753455313
5117,Ferndale,0.347457685101,0.329788859586,0.322753455313
5127,Ferndale,0.347457685101,0.329788859586,0.322753455313
5128,Ferndale,0.347457685101,0.329788859586,0.322753455313
5129,Ferndale,0.347457685101,0.329788859586,0.322753455313
5131,Ferndale,0.347457685101,0.329788859586,0.322753455313
5132,Romulus,0.347457685101,0.329788859586,0.322753455313
5133,Ferndale,0.347457685101,0.329788859586,0.322753455313
5148,Ferndale,0.347457685101,0.329788859586,0.322753455313
5160,Oak Ridge,0.347457685101,0.329788859586,0.322753455313
5193,Spring Valley,0.347457685101,0.329788859586,0.322753455313
5196,Ferndale,0.347457685101,0.329788859586,0.322753455313
5210,Ferndale,0.347457685101,0.329788859586,0.322753455313
5214,Ferndale,0.347457685101,0.329788859586,0.322753455313
5219,Ferndale,0.347457685101,0.329788859586,0.322753455313
5280,Houston,0.312106243047,0.295054801461,0.392838955492
5289,San Carlos Park,0.347457685101,0.329788859586,0.322753455313
5305,Parole,0.347457685101,0.329788859586,0.322753455313
5333,Austin,0.347457685101,0.329788859586,0.322753455313
5373,Ashtabula,0.347457685101,0.329788859586,0.322753455313
5374,Santa Ana,0.347457685101,0.329788859586,0.322753455313
5468,Austin,0.347457685101,0.329788859586,0.322753455313
5485,Jackson Heights,0.347457685101,0.329788859586,0.322753455313
5496,Council Bluffs,0.347457685101,0.329788859586,0.322753455313
5497,Council Bluffs,0.347457685101,0.329788859586,0.322753455313
5532,Germantown,0.347457685101,0.329788859586,0.322753455313
5548,Henderson,0.347457685101,0.329788859586,0.322753455313
5565,Levittown,0.347457685101,0.329788859586,0.322753455313
5571,Cicero,0.322421118182,0.295054801461,0.382524080357
5587,Overland,0.347457685101,0.329788859586,0.322753455313
5612,Islip,0.347457685101,0.329788859586,0.322753455313
5616,Windsor,0.347457685101,0.329788859586,0.322753455313
5629,Windsor,0.347457685101,0.329788859586,0.322753455313
5636,El Segundo,0.347457685101,0.329788859586,0.322753455313
5675,North Chicago,0.347457685101,0.329788859586,0.322753455313
5688,Frisco,0.312782762501,0.297590717171,0.389626520328
5695,Dania Beach,0.347457685101,0.329788859586,0.322753455313
5712,Costa Mesa,0.347457685101,0.329788859586,0.322753455313
5713,Allen,0.347457685101,0.329788859586,0.322753455313
5741,Jackson Heights,0.347457685101,0.329788859586,0.322753455313
5753,San Francisco,0.347457685101,0.329788859586,0.322753455313
5761,Paradise,0.337617028263,0.297613882748,0.364769088989
5762,Hope Mills,0.347457685101,0.329788859586,0.322753455313
5763,Dallas,0.347457685101,0.329788859586,0.322753455313
5775,San Diego,0.347457685101,0.329788859586,0.322753455313
5796,Gladstone,0.347457685101,0.329788859586,0.322753455313
5819,Brentwood,0.347457685101,0.329788859586,0.322753455313
5822,Nashville,0.347457685101,0.329788859586,0.322753455313
5848,Austin,0.347457685101,0.329788859586,0.322753455313
5881,Rancho Cucamonga,0.347457685101,0.329788859586,0.322753455313
5883,Baltimore,0.347457685101,0.329788859586,0.322753455313
5893,Williamsport,0.347457685101,0.329788859586,0.322753455313
5904,Austin,0.347457685101,0.329788859586,0.322753455313
5911,Kenner,0.413122424986,0.300062254368,0.286815320646
5924,Gladstone,0.347457685101,0.329788859586,0.322753455313
5948,Brighton,0.342540538624,0.367676744305,0.289782717071
5972,Frisco,0.312782762501,0.297590717171,0.389626520328
6046,Meadow Woods,0.276347312737,0.262381860593,0.46127082667
6050,Addison,0.347457685101,0.329788859586,0.322753455313
6082,El Segundo,0.347457685101,0.329788859586,0.322753455313
6083,El Segundo,0.347457685101,0.329788859586,0.322753455313
6089,Ferndale,0.347457685101,0.329788859586,0.322753455313
6114,Elizabeth City,0.347457685101,0.329788859586,0.322753455313
6123,Houston,0.312106243047,0.295054801461,0.392838955492
6176,Dickson,0.347457685101,0.329788859586,0.322753455313
6183,Tampa,0.347457685101,0.329788859586,0.322753455313
6192,Richfield,0.347457685101,0.329788859586,0.322753455313
6218,Annapolis,0.347457685101,0.329788859586,0.322753455313
6226,Herriman,0.347457685101,0.329788859586,0.322753455313
6237,Brushy Creek,0.312181854905,0.297027361592,0.390790783503
6242,Nashville,0.347457685101,0.329788859586,0.322753455313
6252,Coral Gables,0.347457685101,0.329788859586,0.322753455313
6269,Napa,0.347457685101,0.329788859586,0.322753455313
6345,Waterford,0.347457685101,0.329788859586,0.322753455313
6363,Nashville,0.347457685101,0.329788859586,0.322753455313
6365,Newark,0.326800236536,0.386384442818,0.286815320646
6399,Plainfield,0.347457685101,0.329788859586,0.322753455313
6405,Nashville,0.347457685101,0.329788859586,0.322753455313
6419,Friendswood,0.347457685101,0.329788859586,0.322753455313
6454,Tempe Junction,0.321407669861,0.294328157394,0.384264172745
6477,Nashville,0.347457685101,0.329788859586,0.322753455313
6482,Mariners Harbor,0.347457685101,0.329788859586,0.322753455313
6483,Mariners Harbor,0.347457685101,0.329788859586,0.322753455313
6484,Mariners Harbor,0.347457685101,0.329788859586,0.322753455313
6485,Mariners Harbor,0.347457685101,0.329788859586,0.322753455313
6487,Mariners Harbor,0.347457685101,0.329788859586,0.322753455313
6488,Atascocita,0.347457685101,0.329788859586,0.322753455313
6499,La Vergne,0.347457685101,0.329788859586,0.322753455313
6536,Overland,0.347457685101,0.329788859586,0.322753455313
6543,Bowie,0.347457685101,0.329788859586,0.322753455313
6545,Durham,0.347457685101,0.329788859586,0.322753455313
6689,Johnston,0.347457685101,0.329788859586,0.322753455313
6718,West Pensacola,0.347457685101,0.329788859586,0.322753455313
6721,Salisbury,0.312957859378,0.398105346167,0.288936794455
6739,Cancún,0.347457685101,0.329788859586,0.322753455313
6809,New York City,0.286337711936,0.260360155106,0.453302132957
6817,Santa Monica,0.347457685101,0.329788859586,0.322753455313
6819,Santa Monica,0.347457685101,0.329788859586,0.322753455313
6821,Santa Monica,0.347457685101,0.329788859586,0.322753455313
6852,Chelsea,0.347457685101,0.329788859586,0.322753455313
6866,Long Beach,0.347457685101,0.329788859586,0.322753455313
6873,Boston,0.347457685101,0.329788859586,0.322753455313
6918,Queens Village,0.347457685101,0.329788859586,0.322753455313
6920,Queens Village,0.347457685101,0.329788859586,0.322753455313
6930,City of Milford (balance),0.347457685101,0.329788859586,0.322753455313
7010,Canary Wharf,0.347457685101,0.329788859586,0.322753455313
7048,Seven Oaks,0.347457685101,0.329788859586,0.322753455313
7101,Marlborough,0.347457685101,0.329788859586,0.322753455313
7112,Belvedere Park,0.347457685101,0.329788859586,0.322753455313
7133,Boston,0.347457685101,0.329788859586,0.322753455313
7141,Boca Raton,0.347457685101,0.329788859586,0.322753455313
7176,White Plains,0.347457685101,0.329788859586,0.322753455313
7184,Springfield Gardens,0.347457685101,0.329788859586,0.322753455313
7187,White Plains,0.347457685101,0.329788859586,0.322753455313
7203,Springfield Gardens,0.347457685101,0.329788859586,0.322753455313
7204,Springfield Gardens,0.347457685101,0.329788859586,0.322753455313
7239,Dania Beach,0.347457685101,0.329788859586,0.322753455313
7241,Bridgetown,0.347457685101,0.329788859586,0.322753455313
7244,Bridgetown,0.347457685101,0.329788859586,0.322753455313
7252,Huntington Beach,0.347457685101,0.329788859586,0.322753455313
7265,Springfield Gardens,0.347457685101,0.329788859586,0.322753455313
7266,Springfield Gardens,0.347457685101,0.329788859586,0.322753455313
7273,Chelsea,0.347457685101,0.329788859586,0.322753455313
7275,Wayne,0.347457685101,0.329788859586,0.322753455313
7277,Parsippany,0.347457685101,0.329788859586,0.322753455313
7280,Morristown,0.347457685101,0.329788859586,0.322753455313
7287,Jackson Heights,0.347457685101,0.329788859586,0.322753455313
7302,Springfield Gardens,0.347457685101,0.329788859586,0.322753455313
7308,Springfield Gardens,0.347457685101,0.329788859586,0.322753455313
7361,Dyker Heights,0.347457685101,0.329788859586,0.322753455313
7364,Dyker Heights,0.347457685101,0.329788859586,0.322753455313
7365,Dyker Heights,0.347457685101,0.329788859586,0.322753455313
7367,Dyker Heights,0.347457685101,0.329788859586,0.322753455313
7370,Whitestone,0.347457685101,0.329788859586,0.322753455313
7371,Springfield Gardens,0.347457685101,0.329788859586,0.322753455313
7416,Woodstock,0.347457685101,0.329788859586,0.322753455313
7473,College Point,0.347457685101,0.329788859586,0.322753455313
7482,Funza,0.311806678762,0.29634986288,0.391843458358
7490,San Diego,0.347457685101,0.329788859586,0.322753455313
7495,Springfield Gardens,0.347457685101,0.329788859586,0.322753455313
7500,El Dorado Hills,0.347457685101,0.329788859586,0.322753455313
7502,Springfield Gardens,0.347457685101,0.329788859586,0.322753455313
7507,Springfield Gardens,0.347457685101,0.329788859586,0.322753455313
7541,West Sacramento,0.312782762501,0.297590717171,0.389626520328
7627,Nassau,0.347457685101,0.329788859586,0.322753455313
7677,Decatur,0.278112302573,0.259594099269,0.462293598158
7679,Springfield Gardens,0.347457685101,0.329788859586,0.322753455313
7680,Springfield Gardens,0.347457685101,0.329788859586,0.322753455313
7742,Chelsea,0.347457685101,0.329788859586,0.322753455313
7750,Carolina,0.347457685101,0.329788859586,0.322753455313
7760,East Massapequa,0.347457685101,0.329788859586,0.322753455313
7791,Port Chester,0.347457685101,0.329788859586,0.322753455313
7806,Springfield Gardens,0.347457685101,0.329788859586,0.322753455313
7863,Meadow Woods,0.276347312737,0.262381860593,0.46127082667
7898,Cottonwood Heights,0.347457685101,0.329788859586,0.322753455313
7899,Cottonwood Heights,0.347457685101,0.329788859586,0.322753455313
7909,Wakefield,0.347457685101,0.329788859586,0.322753455313
7911,Wakefield,0.347457685101,0.329788859586,0.322753455313
7914,Long Island City,0.347457685101,0.329788859586,0.322753455313
7918,Long Island City,0.347457685101,0.329788859586,0.322753455313
7939,Queensbury,0.347457685101,0.329788859586,0.322753455313
7946,Long Beach,0.347457685101,0.329788859586,0.322753455313
7957,Dania Beach,0.347457685101,0.329788859586,0.322753455313
7967,Springfield Gardens,0.347457685101,0.329788859586,0.322753455313
7972,Springfield Gardens,0.347457685101,0.329788859586,0.322753455313
7973,Springfield Gardens,0.347457685101,0.329788859586,0.322753455313
7974,Springfield Gardens,0.347457685101,0.329788859586,0.322753455313
8029,Santa Clara,0.278447502385,0.467864111953,0.253688385662
8093,"Washington, D.C.",0.347457685101,0.329788859586,0.322753455313
8158,North Salt Lake,0.347457685101,0.329788859586,0.322753455313
8173,Springfield Gardens,0.347457685101,0.329788859586,0.322753455313
8175,Springfield Gardens,0.347457685101,0.329788859586,0.322753455313
8176,Springfield Gardens,0.347457685101,0.329788859586,0.322753455313
8177,Springfield Gardens,0.347457685101,0.329788859586,0.322753455313
8178,Springfield Gardens,0.347457685101,0.329788859586,0.322753455313
8179,Springfield Gardens,0.347457685101,0.329788859586,0.322753455313
8198,Springfield Gardens,0.347457685101,0.329788859586,0.322753455313
8199,Springfield Gardens,0.347457685101,0.329788859586,0.322753455313
8200,Springfield Gardens,0.347457685101,0.329788859586,0.322753455313
8201,Springfield Gardens,0.347457685101,0.329788859586,0.322753455313
8204,Springfield Gardens,0.347457685101,0.329788859586,0.322753455313
8205,Springfield Gardens,0.347457685101,0.329788859586,0.322753455313
8308,Chelsea,0.347457685101,0.329788859586,0.322753455313
8311,Chelsea,0.347457685101,0.329788859586,0.322753455313
8334,Brooklyn,0.347457685101,0.329788859586,0.322753455313
8342,"Washington, D.C.",0.347457685101,0.329788859586,0.322753455313
8416,Anaheim,0.287256357835,0.450477318361,0.262266323804
8421,Anaheim,0.287256357835,0.450477318361,0.262266323804
8462,Springfield Gardens,0.347457685101,0.329788859586,0.322753455313
8476,Springfield Gardens,0.347457685101,0.329788859586,0.322753455313
8500,Springfield Gardens,0.347457685101,0.329788859586,0.322753455313
8501,Somerset,0.347457685101,0.329788859586,0.322753455313
8513,Somerset,0.347457685101,0.329788859586,0.322753455313
8517,Somerset,0.347457685101,0.329788859586,0.322753455313
8518,Springfield Gardens,0.347457685101,0.329788859586,0.322753455313
8520,Somerset,0.347457685101,0.329788859586,0.322753455313
8524,Springfield Gardens,0.347457685101,0.329788859586,0.322753455313
8583,Jackson Heights,0.347457685101,0.329788859586,0.322753455313
8584,Longview,0.278128665172,0.465930369328,0.2559409655
8585,Jackson Heights,0.347457685101,0.329788859586,0.322753455313
8625,Wethersfield,0.347457685101,0.329788859586,0.322753455313
8660,Meadow Woods,0.276347312737,0.262381860593,0.46127082667
8674,The Valley,0.347457685101,0.329788859586,0.322753455313
8676,The Valley,0.347457685101,0.329788859586,0.322753455313
8677,The Valley,0.347457685101,0.329788859586,0.322753455313
8723,San Diego,0.347457685101,0.329788859586,0.322753455313
8779,Candelaria,0.347457685101,0.329788859586,0.322753455313
8793,Candelaria,0.347457685101,0.329788859586,0.322753455313
8797,Rancho Penasquitos,0.347457685101,0.329788859586,0.322753455313
8825,Chelsea,0.347457685101,0.329788859586,0.322753455313
8846,Springfield Gardens,0.347457685101,0.329788859586,0.322753455313
8863,Springfield Gardens,0.347457685101,0.329788859586,0.322753455313
8872,Longview,0.278128665172,0.465930369328,0.2559409655
8873,Longview,0.278128665172,0.465930369328,0.2559409655
8940,Secaucus,0.347457685101,0.329788859586,0.322753455313
8962,Savannah,0.347457685101,0.329788859586,0.322753455313
8973,Charlotte,0.347457685101,0.329788859586,0.322753455313
8985,Tempe Junction,0.321407669861,0.294328157394,0.384264172745
9040,Newark,0.326800236536,0.386384442818,0.286815320646
9185,Aldine,0.413463744627,0.294328157394,0.292208097979
9234,Cypress,0.347457685101,0.329788859586,0.322753455313
9244,Charlotte,0.347457685101,0.329788859586,0.322753455313
9379,Potomac,0.347457685101,0.329788859586,0.322753455313
9398,Drexel Hill,0.414070787735,0.296146495195,0.289782717071
9431,Milton,0.347457685101,0.329788859586,0.322753455313
9440,Tempe Junction,0.321407669861,0.294328157394,0.384264172745
9441,Tempe Junction,0.321407669861,0.294328157394,0.384264172745
9511,Tempe Junction,0.321407669861,0.294328157394,0.384264172745
9519,Charlotte,0.347457685101,0.329788859586,0.322753455313
9536,Drexel Hill,0.414070787735,0.296146495195,0.289782717071
9566,Drexel Hill,0.414070787735,0.296146495195,0.289782717071
9580,Drexel Hill,0.414070787735,0.296146495195,0.289782717071
9596,East Point,0.326152670323,0.29634986288,0.377497466797
9600,Cancún,0.347457685101,0.329788859586,0.322753455313
9612,Upper Saint Clair,0.347457685101,0.329788859586,0.322753455313
9616,Paradise,0.337617028263,0.297613882748,0.364769088989
9698,Torrance,0.347457685101,0.329788859586,0.322753455313
9739,"Washington, D.C.",0.347457685101,0.329788859586,0.322753455313
9747,Hilton Head,0.347457685101,0.329788859586,0.322753455313
9767,Mountain Brook,0.347457685101,0.329788859586,0.322753455313
9774,Drexel Hill,0.414070787735,0.296146495195,0.289782717071
9777,Drexel Hill,0.414070787735,0.296146495195,0.289782717071
9846,Cancún,0.347457685101,0.329788859586,0.322753455313
9876,Drexel Hill,0.414070787735,0.296146495195,0.289782717071
9877,Drexel Hill,0.414070787735,0.296146495195,0.289782717071
9887,Chelsea,0.347457685101,0.329788859586,0.322753455313
9893,Dover,0.347457685101,0.329788859586,0.322753455313
9894,Dover,0.347457685101,0.329788859586,0.322753455313
9895,Dover,0.347457685101,0.329788859586,0.322753455313
9899,Dover,0.347457685101,0.329788859586,0.322753455313
9913,West Albany,0.347457685101,0.329788859586,0.322753455313
9914,Morrisville,0.27829323078,0.46788727753,0.253819491691
9916,Morrisville,0.27829323078,0.46788727753,0.253819491691
9920,Birmingham,0.347457685101,0.329788859586,0.322753455313
9984,Commack,0.347457685101,0.329788859586,0.322753455313
9985,Zionsville,0.347457685101,0.329788859586,0.322753455313
10042,San Francisco,0.347457685101,0.329788859586,0.322753455313
10056,Charlotte,0.347457685101,0.329788859586,0.322753455313
10058,Charlotte,0.347457685101,0.329788859586,0.322753455313
10063,Willow Grove,0.347457685101,0.329788859586,0.322753455313
10124,Drexel Hill,0.414070787735,0.296146495195,0.289782717071
10135,Chillum,0.347457685101,0.329788859586,0.322753455313
10165,Pleasantville,0.347457685101,0.329788859586,0.322753455313
10195,Lebanon,0.347457685101,0.329788859586,0.322753455313
10235,Miami Beach,0.347457685101,0.329788859586,0.322753455313
10236,Miami Beach,0.347457685101,0.329788859586,0.322753455313
10240,Florence,0.347457685101,0.329788859586,0.322753455313
10247,Arbutus,0.347457685101,0.329788859586,0.322753455313
10288,Drexel Hill,0.414070787735,0.296146495195,0.289782717071
10305,East York,0.347457685101,0.329788859586,0.322753455313
10352,Roswell,0.347457685101,0.329788859586,0.322753455313
10378,Drexel Hill,0.414070787735,0.296146495195,0.289782717071
10392,Drexel Hill,0.414070787735,0.296146495195,0.289782717071
10393,Drexel Hill,0.414070787735,0.296146495195,0.289782717071
10409,Willow Grove,0.347457685101,0.329788859586,0.322753455313
10414,Drexel Hill,0.414070787735,0.296146495195,0.289782717071
10422,Charlotte,0.347457685101,0.329788859586,0.322753455313
10426,Charlotte,0.347457685101,0.329788859586,0.322753455313
10432,Willow Grove,0.347457685101,0.329788859586,0.322753455313
10438,Cleveland,0.347457685101,0.329788859586,0.322753455313
10439,Tempe Junction,0.321407669861,0.294328157394,0.384264172745
10440,Cleveland,0.347457685101,0.329788859586,0.322753455313
10450,Warwick,0.347457685101,0.329788859586,0.322753455313
10457,Cleveland,0.347457685101,0.329788859586,0.322753455313
10462,Cleveland,0.347457685101,0.329788859586,0.322753455313
10484,Philadelphia,0.312957859378,0.398105346167,0.288936794455
10492,Philadelphia,0.312957859378,0.398105346167,0.288936794455
10519,Charlotte,0.347457685101,0.329788859586,0.322753455313
10555,Universal City,0.347457685101,0.329788859586,0.322753455313
10576,"Washington, D.C.",0.347457685101,0.329788859586,0.322753455313
10588,"Washington, D.C.",0.347457685101,0.329788859586,0.322753455313
10595,Philadelphia,0.312957859378,0.398105346167,0.288936794455
10627,Okolona,0.347457685101,0.329788859586,0.322753455313
10668,Lake in the Hills,0.311806678762,0.39634986288,0.291843458358
10681,Lake in the Hills,0.311806678762,0.39634986288,0.291843458358
10730,Charlotte,0.347457685101,0.329788859586,0.322753455313
10824,Universal City,0.347457685101,0.329788859586,0.322753455313
10828,College Point,0.347457685101,0.329788859586,0.322753455313
10971,Ashford,0.347457685101,0.329788859586,0.322753455313
10995,Charlotte,0.347457685101,0.329788859586,0.322753455313
10998,"Washington, D.C.",0.347457685101,0.329788859586,0.322753455313
11004,"Washington, D.C.",0.347457685101,0.329788859586,0.322753455313
11029,Drexel Hill,0.414070787735,0.296146495195,0.289782717071
11066,Drexel Hill,0.414070787735,0.296146495195,0.289782717071
11112,Kenner,0.413122424986,0.300062254368,0.286815320646
11113,Cudahy,0.347457685101,0.329788859586,0.322753455313
11118,Cudahy,0.347457685101,0.329788859586,0.322753455313
11121,Kenner,0.413122424986,0.300062254368,0.286815320646
11134,Kenner,0.413122424986,0.300062254368,0.286815320646
11141,Kenner,0.413122424986,0.300062254368,0.286815320646
11161,Hoboken,0.347457685101,0.329788859586,0.322753455313
11211,Charlotte,0.347457685101,0.329788859586,0.322753455313
11277,Orange,0.347457685101,0.329788859586,0.322753455313
11288,Charlotte,0.347457685101,0.329788859586,0.322753455313
11296,Charlotte,0.347457685101,0.329788859586,0.322753455313
11309,Charlotte,0.347457685101,0.329788859586,0.322753455313
11323,Charlotte,0.347457685101,0.329788859586,0.322753455313
11379,Charlotte,0.347457685101,0.329788859586,0.322753455313
11384,Charlotte,0.347457685101,0.329788859586,0.322753455313
11397,Charlotte,0.347457685101,0.329788859586,0.322753455313
11451,Kent,0.347457685101,0.329788859586,0.322753455313
11454,Kent,0.347457685101,0.329788859586,0.322753455313
11458,Kent,0.347457685101,0.329788859586,0.322753455313
11472,Tallahassee,0.347457685101,0.329788859586,0.322753455313
11478,Tallahassee,0.347457685101,0.329788859586,0.322753455313
11540,Charlotte,0.347457685101,0.329788859586,0.322753455313
11555,East Lansing,0.347457685101,0.329788859586,0.322753455313
11556,East Lansing,0.347457685101,0.329788859586,0.322753455313
11599,Charlotte,0.347457685101,0.329788859586,0.322753455313
11618,Paradise,0.337617028263,0.297613882748,0.364769088989
11623,Charlotte,0.347457685101,0.329788859586,0.322753455313
11625,Charlotte,0.347457685101,0.329788859586,0.322753455313
11673,Town 'n' Country,0.347457685101,0.329788859586,0.322753455313
11699,North Miami,0.347457685101,0.329788859586,0.322753455313
11737,Charlotte,0.347457685101,0.329788859586,0.322753455313
11753,"Washington, D.C.",0.347457685101,0.329788859586,0.322753455313
11761,"Washington, D.C.",0.347457685101,0.329788859586,0.322753455313
11784,Paradise,0.337617028263,0.297613882748,0.364769088989
11787,Springfield Gardens,0.347457685101,0.329788859586,0.322753455313
11789,Charlotte,0.347457685101,0.329788859586,0.322753455313
11805,Paradise,0.337617028263,0.297613882748,0.364769088989
11888,Charlotte,0.347457685101,0.329788859586,0.322753455313
11912,San Francisco,0.347457685101,0.329788859586,0.322753455313
11936,Haltom City,0.347457685101,0.329788859586,0.322753455313
11956,Bushwick,0.347457685101,0.329788859586,0.322753455313
11957,Bushwick,0.347457685101,0.329788859586,0.322753455313
11958,Bushwick,0.347457685101,0.329788859586,0.322753455313
11960,Bushwick,0.347457685101,0.329788859586,0.322753455313
12026,Santa Monica,0.347457685101,0.329788859586,0.322753455313
12049,Charlotte,0.347457685101,0.329788859586,0.322753455313
12073,San Francisco,0.347457685101,0.329788859586,0.322753455313
12097,Haltom City,0.347457685101,0.329788859586,0.322753455313
12117,Bushwick,0.347457685101,0.329788859586,0.322753455313
12118,Bushwick,0.347457685101,0.329788859586,0.322753455313
12119,Bushwick,0.347457685101,0.329788859586,0.322753455313
12121,Bushwick,0.347457685101,0.329788859586,0.322753455313
12258,Grapevine,0.347457685101,0.329788859586,0.322753455313
12260,Egypt Lake-Leto,0.347457685101,0.329788859586,0.322753455313
12269,Manhattan,0.347457685101,0.329788859586,0.322753455313
12285,Egypt Lake-Leto,0.347457685101,0.329788859586,0.322753455313
12293,White Plains,0.347457685101,0.329788859586,0.322753455313
12321,Egypt Lake-Leto,0.347457685101,0.329788859586,0.322753455313
12326,Gladstone,0.347457685101,0.329788859586,0.322753455313
12334,Gladstone,0.347457685101,0.329788859586,0.322753455313
12342,Palm Springs,0.347457685101,0.329788859586,0.322753455313
12356,Gladstone,0.347457685101,0.329788859586,0.322753455313
12407,Weymouth,0.347457685101,0.329788859586,0.322753455313
12421,Rockland,0.347457685101,0.329788859586,0.322753455313
12541,Austin,0.347457685101,0.329788859586,0.322753455313
12543,Coppell,0.347457685101,0.329788859586,0.322753455313
12545,Coppell,0.347457685101,0.329788859586,0.322753455313
12550,Coppell,0.347457685101,0.329788859586,0.322753455313
12561,Evanston,0.347457685101,0.329788859586,0.322753455313
12565,Grapevine,0.347457685101,0.329788859586,0.322753455313
12581,Manhattan,0.347457685101,0.329788859586,0.322753455313
12582,Skokie,0.347457685101,0.329788859586,0.322753455313
12607,Jackson Heights,0.347457685101,0.329788859586,0.322753455313
12628,Philadelphia,0.312957859378,0.398105346167,0.288936794455
12632,Coppell,0.347457685101,0.329788859586,0.322753455313
12647,Bensenville,0.3032523094,0.27469289394,0.42205479666
12699,Coppell,0.347457685101,0.329788859586,0.322753455313
12711,Seattle,0.347457685101,0.329788859586,0.322753455313
12718,Franklin Park,0.347457685101,0.329788859586,0.322753455313
12721,Fairview Park,0.347457685101,0.329788859586,0.322753455313
12730,Fairview Park,0.347457685101,0.329788859586,0.322753455313
12740,Fairview Park,0.347457685101,0.329788859586,0.322753455313
12754,Brownsville,0.347457685101,0.329788859586,0.322753455313
12777,Fairview Park,0.347457685101,0.329788859586,0.322753455313
12779,Rogers,0.347457685101,0.329788859586,0.322753455313
12799,Morrisville,0.27829323078,0.46788727753,0.253819491691
12801,Fairview Park,0.347457685101,0.329788859586,0.322753455313
12822,Bensenville,0.3032523094,0.27469289394,0.42205479666
12836,Germantown,0.347457685101,0.329788859586,0.322753455313
12837,Germantown,0.347457685101,0.329788859586,0.322753455313
12839,Germantown,0.347457685101,0.329788859586,0.322753455313
12840,Germantown,0.347457685101,0.329788859586,0.322753455313
12841,Germantown,0.347457685101,0.329788859586,0.322753455313
12845,Germantown,0.347457685101,0.329788859586,0.322753455313
12930,Bensenville,0.3032523094,0.27469289394,0.42205479666
12960,Golden,0.347457685101,0.329788859586,0.322753455313
12987,Midland,0.347457685101,0.329788859586,0.322753455313
12989,Grapevine,0.347457685101,0.329788859586,0.322753455313
13003,Santa Monica,0.347457685101,0.329788859586,0.322753455313
13004,Costa Mesa,0.347457685101,0.329788859586,0.322753455313
13048,Kannapolis,0.347457685101,0.329788859586,0.322753455313
13055,Coppell,0.347457685101,0.329788859586,0.322753455313
13082,Santa Monica,0.347457685101,0.329788859586,0.322753455313
13115,Elizabeth,0.347457685101,0.329788859586,0.322753455313
13129,Golden,0.347457685101,0.329788859586,0.322753455313
13145,Springfield,0.347457685101,0.329788859586,0.322753455313
13148,Santa Monica,0.347457685101,0.329788859586,0.322753455313
13155,Tempe Junction,0.321407669861,0.294328157394,0.384264172745
13157,Tallahassee,0.347457685101,0.329788859586,0.322753455313
13163,Springfield,0.347457685101,0.329788859586,0.322753455313
13183,Hollywood,0.347457685101,0.329788859586,0.322753455313
13184,Bensenville,0.3032523094,0.27469289394,0.42205479666
13189,Shrewsbury,0.347457685101,0.329788859586,0.322753455313
13192,Shrewsbury,0.347457685101,0.329788859586,0.322753455313
13195,Four Corners,0.347457685101,0.329788859586,0.322753455313
13196,Shrewsbury,0.347457685101,0.329788859586,0.322753455313
13197,Dallas,0.347457685101,0.329788859586,0.322753455313
13202,Golden,0.347457685101,0.329788859586,0.322753455313
13214,Cartagena,0.312957859378,0.398105346167,0.288936794455
13221,Hollywood,0.347457685101,0.329788859586,0.322753455313
13261,Hollywood,0.347457685101,0.329788859586,0.322753455313
13266,Shrewsbury,0.347457685101,0.329788859586,0.322753455313
13301,Phoenix,0.347457685101,0.329788859586,0.322753455313
13304,Montrose,0.347457685101,0.329788859586,0.322753455313
13343,Bensenville,0.3032523094,0.27469289394,0.42205479666
13347,San Francisco,0.347457685101,0.329788859586,0.322753455313
13355,Montrose,0.347457685101,0.329788859586,0.322753455313
13356,Montrose,0.347457685101,0.329788859586,0.322753455313
13368,Montrose,0.347457685101,0.329788859586,0.322753455313
13371,Montrose,0.347457685101,0.329788859586,0.322753455313
13373,Montrose,0.347457685101,0.329788859586,0.322753455313
13403,Minneapolis,0.347457685101,0.329788859586,0.322753455313
13409,El Segundo,0.347457685101,0.329788859586,0.322753455313
13416,El Segundo,0.347457685101,0.329788859586,0.322753455313
13426,El Segundo,0.347457685101,0.329788859586,0.322753455313
13430,Battersea,0.347457685101,0.329788859586,0.322753455313
13432,Germantown,0.347457685101,0.329788859586,0.322753455313
13436,El Segundo,0.347457685101,0.329788859586,0.322753455313
13438,Dallas,0.347457685101,0.329788859586,0.322753455313
13452,Dallas,0.347457685101,0.329788859586,0.322753455313
13484,Battersea,0.347457685101,0.329788859586,0.322753455313
13493,Phoenix,0.347457685101,0.329788859586,0.322753455313
13513,Romulus,0.347457685101,0.329788859586,0.322753455313
13518,Seattle,0.347457685101,0.329788859586,0.322753455313
13527,Miami Beach,0.347457685101,0.329788859586,0.322753455313
13533,Corpus Christi,0.347457685101,0.329788859586,0.322753455313
13555,Corpus Christi,0.347457685101,0.329788859586,0.322753455313
13557,Battersea,0.347457685101,0.329788859586,0.322753455313
13576,Canarsie,0.347457685101,0.329788859586,0.322753455313
13580,Brownsville,0.347457685101,0.329788859586,0.322753455313
13696,Tempe,0.347457685101,0.329788859586,0.322753455313
13721,Glendale,0.347457685101,0.329788859586,0.322753455313
13766,Charlotte,0.347457685101,0.329788859586,0.322753455313
13781,Kensington,0.347457685101,0.329788859586,0.322753455313
13785,Key West,0.347457685101,0.329788859586,0.322753455313
13790,El Segundo,0.347457685101,0.329788859586,0.322753455313
13794,Atascocita,0.347457685101,0.329788859586,0.322753455313
13810,East York,0.347457685101,0.329788859586,0.322753455313
13814,Honolulu,0.347457685101,0.329788859586,0.322753455313
13835,Brownsville,0.347457685101,0.329788859586,0.322753455313
13847,Jacksonville Beach,0.347457685101,0.329788859586,0.322753455313
13848,Grapevine,0.347457685101,0.329788859586,0.322753455313
13875,Grapevine,0.347457685101,0.329788859586,0.322753455313
13884,Austin,0.347457685101,0.329788859586,0.322753455313
13909,Brighton,0.342540538624,0.367676744305,0.289782717071
13937,Springfield Gardens,0.347457685101,0.329788859586,0.322753455313
13958,Brownsville,0.347457685101,0.329788859586,0.322753455313
14011,Charlotte,0.347457685101,0.329788859586,0.322753455313
14012,Grapevine,0.347457685101,0.329788859586,0.322753455313
14025,Bensenville,0.3032523094,0.27469289394,0.42205479666
14027,Miami Beach,0.347457685101,0.329788859586,0.322753455313
14029,Miami Beach,0.347457685101,0.329788859586,0.322753455313
14051,Miami Beach,0.347457685101,0.329788859586,0.322753455313
14055,Charlotte,0.347457685101,0.329788859586,0.322753455313
14070,El Segundo,0.347457685101,0.329788859586,0.322753455313
14110,Santa Monica,0.347457685101,0.329788859586,0.322753455313
14129,Charlotte,0.347457685101,0.329788859586,0.322753455313
14153,Santa Monica,0.347457685101,0.329788859586,0.322753455313
14184,Springfield Gardens,0.347457685101,0.329788859586,0.322753455313
14202,Springfield Gardens,0.347457685101,0.329788859586,0.322753455313
14255,Charlotte,0.347457685101,0.329788859586,0.322753455313
14288,Coppell,0.347457685101,0.329788859586,0.322753455313
14293,"Washington, D.C.",0.347457685101,0.329788859586,0.322753455313
14337,Mount Vernon,0.347457685101,0.329788859586,0.322753455313
14365,Springfield Gardens,0.347457685101,0.329788859586,0.322753455313
14374,Morrisville,0.27829323078,0.46788727753,0.253819491691
14381,Howard Beach,0.347457685101,0.329788859586,0.322753455313
14388,Garland,0.347457685101,0.329788859586,0.322753455313
14391,Flagami,0.347457685101,0.329788859586,0.322753455313
14417,Angeles City,0.347457685101,0.329788859586,0.322753455313
14420,"Washington, D.C.",0.347457685101,0.329788859586,0.322753455313
14447,Tacoma,0.347457685101,0.329788859586,0.322753455313
14481,Springfield Gardens,0.347457685101,0.329788859586,0.322753455313
14483,Garland,0.347457685101,0.329788859586,0.322753455313
14490,Elizabeth,0.347457685101,0.329788859586,0.322753455313
14511,Augusta,0.347457685101,0.329788859586,0.322753455313
14524,Harlem,0.347457685101,0.329788859586,0.322753455313
14525,Montrose,0.347457685101,0.329788859586,0.322753455313
14528,Montrose,0.347457685101,0.329788859586,0.322753455313
14555,East Point,0.326152670323,0.29634986288,0.377497466797
14561,Grapevine,0.347457685101,0.329788859586,0.322753455313
14577,El Segundo,0.347457685101,0.329788859586,0.322753455313
14596,Rio Rancho,0.347457685101,0.329788859586,0.322753455313
14612,Mount Vernon,0.347457685101,0.329788859586,0.322753455313
14624,Grapevine,0.347457685101,0.329788859586,0.322753455313
14625,Springfield Gardens,0.347457685101,0.329788859586,0.322753455313
